#,User,# ,User,#,User
1,A1017UZIPW58F4,19,A1TWM78I835NGZ,37,A2GKR6NVOZ4BF6
2,A11OTLEDSW8ZXD,20,A1VEELTKS8NLZB,38,A2IAHIO9LCK1VO
3,A14DNCG5WHM86Z,21,A1ZPY91VE3IDN1,39,A2LII3BB40HVFZ
4,A15PYCET4XH22X,22,A201YQUBG4BLJX,40,A2P9Y5JTTCUV28
5,A1A46D270HU3EV,23,A20MVQCB90LKCH,41,A2SWEY0ZFYCGLJ
6,A1CT1N98MMFUVN,24,A20ZCHB9EV90D4,42,A2U67QFIWCEJEH
7,A1EVV74UQYVKRY,25,A22CW0ZHY3NJH8,43,A2V1J3JT5OOZFO
8,A1JXY9I578VQ3O,26,A25C2M3QF9G7OQ,44,A2YKWYC3WQJX5J
9,A1T1YSCDW0PD25,27,A2AAKK8ZTE6G3X,45,A36A1ZYZH8568P
10,A2F3CXXSQ1UZHM,28,A2BAAKZHSUGCDP,46,A39EEXJAI2SBNO
11,A3W4D8XOGLWUN5,29,A3G05IEEQP0LHM,47,A3S3R88HA0HZG3
12,AOZC0R2SEQNKP,30,A3H36A0EWLKJEJ,48,A3THLI10635V4V
13,ATY1TGX2BDL53,31,A3K7YJBGSYHGC2,,
14,AUFQ68T67GECZ,32,A3KCW7GFEL6V46,,
15,AX80SWHDEKJCY,33,A3KHS90UO8FHWP,,
16,AZ1X4ZTV25ML7,34,A3L1VJMHFWONCB,,
17,AZAC8O310IK4E,35,A3PRA7DAN3N3ZC,,
18,AZMY6E8B52L2T,36,A3RGN75LHYAG8U,,
